Date,Open,High,Low,Close,Volume
22-Aug-14,4.91,4.94,4.75,4.76,118929
21-Aug-14,4.99,5.03,4.89,4.91,64281
20-Aug-14,5.00,5.04,4.88,5.01,166140
19-Aug-14,5.04,5.10,5.00,5.05,106734
18-Aug-14,5.07,5.10,5.03,5.05,176815
15-Aug-14,5.05,5.09,4.87,5.05,182359
14-Aug-14,5.00,5.05,4.95,5.03,86439
13-Aug-14,5.05,5.07,4.94,5.01,85460
12-Aug-14,4.82,5.05,4.82,5.04,150335
11-Aug-14,4.95,5.05,4.84,4.85,206145
8-Aug-14,4.72,5.00,4.72,4.92,199411
7-Aug-14,4.83,4.96,4.68,4.71,203747
6-Aug-14,4.90,4.93,4.80,4.83,251566
5-Aug-14,4.92,5.11,4.89,4.95,225280
4-Aug-14,4.95,4.98,4.85,4.92,259264
1-Aug-14,4.98,5.07,4.85,4.93,256919
31-Jul-14,5.00,5.12,4.96,5.00,409712
30-Jul-14,5.17,5.19,5.08,5.11,215279
29-Jul-14,5.19,5.36,5.07,5.10,351618
28-Jul-14,5.59,5.75,5.19,5.21,876966
25-Jul-14,5.01,5.08,4.91,4.97,181596
24-Jul-14,5.19,5.24,5.04,5.11,182812
23-Jul-14,5.21,5.26,5.06,5.15,166966
22-Jul-14,5.12,5.23,5.12,5.19,208087
21-Jul-14,5.05,5.13,4.99,5.08,142848
18-Jul-14,4.91,5.16,4.91,5.12,235284
17-Jul-14,5.04,5.08,4.90,4.92,215298
16-Jul-14,5.12,5.26,5.07,5.10,216775
15-Jul-14,5.10,5.27,4.98,5.08,488610
14-Jul-14,5.06,5.26,5.01,5.10,413394
11-Jul-14,4.89,5.02,4.89,4.99,152437
10-Jul-14,4.80,4.97,4.80,4.92,175289
9-Jul-14,4.97,5.00,4.95,4.99,119770
8-Jul-14,4.96,5.01,4.86,4.93,190340
7-Jul-14,5.06,5.12,4.97,4.99,184767
3-Jul-14,5.05,5.12,5.03,5.12,109659
2-Jul-14,4.97,5.04,4.97,5.00,142397
1-Jul-14,4.89,5.05,4.89,4.99,241325
30-Jun-14,4.91,4.91,4.82,4.89,177402
27-Jun-14,4.70,4.87,4.68,4.87,487202
26-Jun-14,4.72,4.75,4.62,4.75,110511
25-Jun-14,4.70,4.79,4.60,4.73,208547
24-Jun-14,4.96,5.07,4.73,4.74,296173
23-Jun-14,5.12,5.15,4.96,4.96,152593
20-Jun-14,5.15,5.17,5.05,5.10,401646
19-Jun-14,5.13,5.16,5.10,5.15,178690
18-Jun-14,5.07,5.09,5.02,5.09,147154
17-Jun-14,5.02,5.09,4.98,5.00,244465
16-Jun-14,5.01,5.10,4.96,5.00,219271
13-Jun-14,5.00,5.03,4.85,5.00,221763
12-Jun-14,5.04,5.04,4.96,4.98,267332
11-Jun-14,5.20,5.20,5.02,5.06,180757
10-Jun-14,5.20,5.29,5.15,5.22,212677
9-Jun-14,5.28,5.34,5.20,5.25,280198
6-Jun-14,5.31,5.36,5.27,5.30,426135
5-Jun-14,5.22,5.50,5.22,5.31,563043
4-Jun-14,5.08,5.28,5.04,5.23,390296
3-Jun-14,5.30,5.35,5.05,5.09,503450
2-Jun-14,5.50,5.50,5.20,5.34,304911
30-May-14,5.57,5.57,5.36,5.50,193304
29-May-14,5.71,5.73,5.54,5.55,176082
28-May-14,5.75,5.76,5.65,5.70,281888
27-May-14,5.67,5.90,5.64,5.74,408762
23-May-14,5.49,5.60,5.42,5.59,295353
22-May-14,5.39,5.61,5.35,5.47,281987
21-May-14,5.36,5.56,5.32,5.37,558803
20-May-14,5.50,5.50,5.25,5.36,554993
19-May-14,5.20,5.52,5.15,5.51,366333
16-May-14,5.14,5.31,5.08,5.26,264426
15-May-14,5.22,5.25,5.03,5.16,296131
14-May-14,5.73,5.75,5.22,5.27,423710
13-May-14,5.72,5.80,5.58,5.71,443387
12-May-14,5.36,5.71,5.31,5.67,479349
9-May-14,5.11,5.30,4.99,5.29,402990
8-May-14,5.52,5.52,5.14,5.16,279292
7-May-14,5.51,5.62,5.31,5.50,572903
6-May-14,5.75,5.91,5.46,5.47,869875
5-May-14,5.53,5.78,5.40,5.73,600387
2-May-14,5.70,5.70,5.53,5.57,374130
1-May-14,5.67,5.70,5.50,5.70,568376
30-Apr-14,5.43,5.74,5.33,5.64,1271880
29-Apr-14,5.04,5.40,5.04,5.36,1628738
28-Apr-14,5.15,5.47,4.91,4.97,1171108
25-Apr-14,4.85,4.89,4.72,4.78,423351
24-Apr-14,4.80,4.95,4.76,4.84,141687
23-Apr-14,4.85,4.87,4.74,4.75,72015
22-Apr-14,4.75,4.87,4.69,4.87,97925
21-Apr-14,4.72,4.78,4.49,4.72,120385
17-Apr-14,4.57,4.77,4.52,4.74,120054
16-Apr-14,4.50,4.63,4.43,4.58,49364
15-Apr-14,4.51,4.67,4.28,4.45,126482
14-Apr-14,4.62,4.62,4.41,4.48,90613
11-Apr-14,4.58,4.60,4.43,4.54,108439
10-Apr-14,4.77,4.77,4.51,4.64,160554
9-Apr-14,4.74,4.83,4.67,4.79,73264
8-Apr-14,4.59,4.80,4.54,4.71,138341
7-Apr-14,4.54,4.64,4.45,4.57,208206
4-Apr-14,4.71,4.71,4.40,4.55,213696
3-Apr-14,4.78,4.78,4.54,4.65,157792
2-Apr-14,4.60,4.78,4.59,4.76,165222
1-Apr-14,4.43,4.67,4.42,4.59,204372
31-Mar-14,4.10,4.45,4.10,4.43,454298
28-Mar-14,4.11,4.30,4.05,4.06,225265
27-Mar-14,4.25,4.30,3.96,4.10,281192
26-Mar-14,4.44,4.45,4.19,4.23,184714
25-Mar-14,4.49,4.60,4.39,4.39,132235
24-Mar-14,4.56,4.57,4.38,4.46,151601
21-Mar-14,4.85,4.87,4.49,4.55,470979
20-Mar-14,4.61,4.84,4.60,4.81,272028
19-Mar-14,4.47,4.65,4.46,4.64,181320
18-Mar-14,4.67,4.70,4.47,4.49,453924
17-Mar-14,4.93,4.96,4.63,4.65,365868
14-Mar-14,4.75,4.89,4.70,4.88,238951
13-Mar-14,5.03,5.03,4.70,4.74,208156
12-Mar-14,4.84,5.00,4.83,4.98,220584
11-Mar-14,4.92,5.03,4.82,4.86,202184
10-Mar-14,4.87,4.94,4.82,4.93,206676
7-Mar-14,4.90,5.00,4.79,4.87,322328
6-Mar-14,4.90,4.95,4.80,4.87,368179
5-Mar-14,4.87,4.91,4.75,4.88,329379
4-Mar-14,4.60,5.05,4.60,4.86,589251
3-Mar-14,4.38,4.58,4.26,4.49,432038
28-Feb-14,4.41,4.53,4.38,4.41,229223
27-Feb-14,4.33,4.42,4.25,4.39,148027
26-Feb-14,4.40,4.40,4.27,4.36,105058
25-Feb-14,4.26,4.41,4.26,4.38,189562
24-Feb-14,4.05,4.37,4.05,4.26,206608
21-Feb-14,4.00,4.09,3.97,4.05,161152
20-Feb-14,3.86,4.03,3.82,3.98,105628
19-Feb-14,3.92,3.96,3.83,3.85,200323
18-Feb-14,3.97,3.98,3.90,3.95,98832
14-Feb-14,4.06,4.15,3.95,3.95,160445
13-Feb-14,3.89,4.07,3.86,4.04,179982
12-Feb-14,3.94,4.04,3.87,3.92,131334
11-Feb-14,3.78,3.96,3.71,3.95,177619
10-Feb-14,3.73,3.84,3.65,3.79,131918
7-Feb-14,3.69,3.89,3.69,3.71,183888
6-Feb-14,3.52,3.96,3.52,3.66,217840
5-Feb-14,3.61,3.65,3.44,3.52,214149
4-Feb-14,3.72,3.83,3.59,3.62,186348
3-Feb-14,3.82,3.87,3.60,3.67,250930
31-Jan-14,3.84,3.93,3.79,3.81,181612
30-Jan-14,3.88,4.00,3.85,3.89,177909
29-Jan-14,3.85,3.92,3.73,3.82,149035
28-Jan-14,3.80,3.97,3.73,3.91,194422
27-Jan-14,3.89,3.95,3.68,3.78,273676
24-Jan-14,4.15,4.21,3.80,3.86,454020
23-Jan-14,4.21,4.26,4.15,4.19,111575
22-Jan-14,4.18,4.24,4.11,4.21,71285
21-Jan-14,4.18,4.27,4.15,4.19,110543
17-Jan-14,4.15,4.20,4.07,4.15,181627
16-Jan-14,4.12,4.19,4.10,4.17,117226
15-Jan-14,3.88,4.18,3.88,4.14,149706
14-Jan-14,3.90,3.98,3.83,3.89,268503
13-Jan-14,4.21,4.21,3.87,3.90,610322
10-Jan-14,4.22,4.24,4.09,4.21,101606
9-Jan-14,4.27,4.58,4.12,4.20,424775
8-Jan-14,4.15,4.31,4.15,4.23,345741
7-Jan-14,4.05,4.17,4.04,4.16,262210
6-Jan-14,3.87,4.06,3.87,4.03,308046
3-Jan-14,3.69,4.00,3.69,3.83,194639
2-Jan-14,3.72,3.82,3.58,3.69,173173
31-Dec-13,3.81,3.83,3.70,3.73,194170
30-Dec-13,3.78,3.93,3.78,3.79,192822
27-Dec-13,3.86,3.88,3.74,3.78,102997
26-Dec-13,3.89,3.90,3.83,3.84,101208
24-Dec-13,3.78,3.91,3.78,3.88,110721
23-Dec-13,3.68,3.83,3.68,3.79,200725
20-Dec-13,3.64,3.78,3.63,3.67,558727
19-Dec-13,3.62,3.67,3.58,3.62,165367
18-Dec-13,3.61,3.64,3.51,3.64,190897
17-Dec-13,3.44,3.60,3.42,3.59,156229
16-Dec-13,3.57,3.63,3.46,3.48,264692
13-Dec-13,3.49,3.56,3.46,3.54,246417
12-Dec-13,3.43,3.52,3.43,3.49,204530
11-Dec-13,3.47,3.55,3.36,3.42,193856
10-Dec-13,3.53,3.63,3.47,3.47,218876
9-Dec-13,3.58,3.64,3.53,3.55,250936
6-Dec-13,3.54,3.58,3.51,3.56,191403
5-Dec-13,3.50,3.59,3.47,3.51,296764
4-Dec-13,3.36,3.48,3.33,3.43,229362
3-Dec-13,3.38,3.41,3.33,3.39,406594
2-Dec-13,3.52,3.54,3.36,3.38,359078
29-Nov-13,3.52,3.59,3.50,3.51,230869
27-Nov-13,3.46,3.56,3.44,3.51,572762
26-Nov-13,3.43,3.54,3.43,3.45,520954
25-Nov-13,3.37,3.48,3.37,3.45,483124
22-Nov-13,3.35,3.42,3.32,3.38,843335
21-Nov-13,3.34,3.38,3.30,3.32,510584
20-Nov-13,3.35,3.36,3.29,3.31,581286
19-Nov-13,3.35,3.36,3.27,3.34,565249
18-Nov-13,3.38,3.46,3.32,3.34,404606
15-Nov-13,3.38,3.42,3.33,3.37,429800
14-Nov-13,3.30,3.40,3.25,3.35,528049
13-Nov-13,3.16,3.31,3.16,3.29,1293246
12-Nov-13,3.22,3.29,3.19,3.20,772048
11-Nov-13,3.14,3.26,3.10,3.22,445477
8-Nov-13,3.20,3.24,3.12,3.14,378378
7-Nov-13,3.26,3.26,3.11,3.18,490016
6-Nov-13,3.34,3.35,3.15,3.22,698185
5-Nov-13,3.35,3.40,3.15,3.25,1496068
4-Nov-13,3.59,3.59,3.25,3.35,1678827
1-Nov-13,4.44,4.44,3.10,3.64,3463596
31-Oct-13,4.47,4.52,4.35,4.50,404113
30-Oct-13,4.70,4.72,4.43,4.46,222283
29-Oct-13,4.74,4.80,4.55,4.68,171224
28-Oct-13,4.76,4.79,4.65,4.74,142273
25-Oct-13,4.80,4.85,4.68,4.75,160323
24-Oct-13,4.76,4.83,4.72,4.78,326496
23-Oct-13,4.68,4.78,4.68,4.75,148481
22-Oct-13,4.73,4.81,4.63,4.72,289857
21-Oct-13,4.86,4.94,4.72,4.72,163305
18-Oct-13,4.90,4.90,4.82,4.84,168812
17-Oct-13,4.85,4.90,4.77,4.84,225893
16-Oct-13,4.92,5.00,4.88,4.88,95564
15-Oct-13,4.94,4.98,4.81,4.87,94716
14-Oct-13,4.88,5.00,4.88,4.96,98145
11-Oct-13,4.90,4.96,4.87,4.93,142286
10-Oct-13,4.68,4.89,4.68,4.86,201084
9-Oct-13,4.61,4.62,4.49,4.58,387107
8-Oct-13,4.94,4.96,4.61,4.61,299490
7-Oct-13,5.07,5.10,4.90,4.93,151786
4-Oct-13,5.00,5.15,4.98,5.09,121381
3-Oct-13,5.06,5.08,4.99,5.02,177068
2-Oct-13,5.18,5.20,4.98,5.04,210928
1-Oct-13,5.15,5.33,5.15,5.18,181713
30-Sep-13,5.15,5.35,5.14,5.14,396700
27-Sep-13,5.12,5.19,5.07,5.15,119847
26-Sep-13,5.20,5.24,5.14,5.17,409548
25-Sep-13,5.16,5.20,5.15,5.18,228173
24-Sep-13,5.23,5.24,5.16,5.17,105260
23-Sep-13,5.33,5.33,5.19,5.22,96872
20-Sep-13,5.33,5.44,5.19,5.33,346226
19-Sep-13,5.33,5.40,5.26,5.28,62210
18-Sep-13,5.24,5.44,5.19,5.32,220508
17-Sep-13,5.27,5.37,5.22,5.23,181880
16-Sep-13,5.43,5.43,5.26,5.27,177233
13-Sep-13,5.35,5.50,5.32,5.35,105361
12-Sep-13,5.48,5.50,5.28,5.31,185572
11-Sep-13,5.47,5.50,5.44,5.49,114484
10-Sep-13,5.51,5.60,5.48,5.50,145880
9-Sep-13,5.50,5.54,5.41,5.50,586725
6-Sep-13,5.34,5.54,5.28,5.46,220385
5-Sep-13,5.26,5.35,5.24,5.30,155588
4-Sep-13,5.28,5.29,5.20,5.27,108820
3-Sep-13,5.33,5.37,5.20,5.28,123532
30-Aug-13,5.36,5.44,5.20,5.24,175268
29-Aug-13,5.23,5.34,5.19,5.32,76417
28-Aug-13,5.21,5.25,5.20,5.23,65777
27-Aug-13,5.44,5.50,5.14,5.20,175868
26-Aug-13,5.60,5.70,5.50,5.54,135963
23-Aug-13,5.47,5.58,5.40,5.58,264710
22-Aug-13,5.25,5.53,5.23,5.40,173334
21-Aug-13,5.19,5.25,5.15,5.22,236235
20-Aug-13,5.25,5.29,5.12,5.23,270298
19-Aug-13,5.26,5.27,5.17,5.21,438381
16-Aug-13,5.21,5.29,5.01,5.26,193653
15-Aug-13,5.26,5.26,5.10,5.25,238424
14-Aug-13,5.22,5.27,5.16,5.21,78637
13-Aug-13,5.20,5.29,5.18,5.23,212505
12-Aug-13,5.29,5.45,5.05,5.17,631617
9-Aug-13,5.44,5.50,5.34,5.36,131612
8-Aug-13,5.40,5.50,5.35,5.45,283779
7-Aug-13,5.48,5.48,5.24,5.33,181996
6-Aug-13,5.60,5.69,5.47,5.52,275092
5-Aug-13,5.46,5.64,5.37,5.61,517498
2-Aug-13,5.09,5.57,5.05,5.51,661786
1-Aug-13,5.74,6.09,4.80,5.14,1459139
31-Jul-13,5.92,5.94,5.68,5.72,308610
30-Jul-13,5.63,5.95,5.63,5.88,302194
29-Jul-13,5.72,5.75,5.49,5.63,381135
26-Jul-13,5.65,5.80,5.63,5.77,155255
25-Jul-13,5.90,5.90,5.72,5.75,346242
24-Jul-13,6.31,6.33,5.88,5.90,471408
23-Jul-13,6.49,6.54,6.27,6.28,161178
22-Jul-13,6.61,6.64,6.37,6.48,301675
19-Jul-13,6.63,6.66,6.54,6.60,304074
18-Jul-13,6.46,6.88,6.43,6.66,813222
17-Jul-13,6.13,6.50,6.07,6.41,467491
16-Jul-13,5.82,6.09,5.79,6.05,575608
15-Jul-13,5.49,5.78,5.49,5.78,494226
12-Jul-13,5.48,5.51,5.36,5.49,87148
11-Jul-13,5.58,5.58,5.36,5.50,260540
10-Jul-13,5.53,5.58,5.39,5.50,318775
9-Jul-13,5.42,5.70,5.37,5.55,316788
8-Jul-13,5.35,5.43,5.35,5.38,144904
5-Jul-13,5.38,5.42,5.31,5.33,156806
3-Jul-13,5.27,5.38,5.27,5.30,48415
2-Jul-13,5.42,5.42,5.28,5.32,122481
1-Jul-13,5.13,5.50,5.07,5.40,270044
28-Jun-13,5.05,5.13,4.98,5.06,1975103
27-Jun-13,4.97,5.13,4.95,5.09,236450
26-Jun-13,5.00,5.06,4.89,4.91,138506
25-Jun-13,4.87,5.10,4.83,4.98,209309
24-Jun-13,4.93,4.97,4.75,4.80,419795
21-Jun-13,5.11,5.11,4.85,5.01,284839
20-Jun-13,4.88,5.29,4.86,5.02,311744
19-Jun-13,4.99,5.02,4.87,5.00,92110
18-Jun-13,4.99,5.03,4.93,4.98,128021
17-Jun-13,5.17,5.20,4.93,4.95,190588
14-Jun-13,5.29,5.29,5.01,5.08,77823
13-Jun-13,5.11,5.33,5.07,5.29,109857
12-Jun-13,5.36,5.36,4.96,5.12,124191
11-Jun-13,5.30,5.36,5.24,5.28,101256
10-Jun-13,5.12,5.32,5.06,5.31,89217
7-Jun-13,5.11,5.13,4.91,5.10,81237
6-Jun-13,5.05,5.07,4.82,5.04,185708
5-Jun-13,5.14,5.15,4.96,5.03,128187
4-Jun-13,5.22,5.26,5.05,5.16,118970
3-Jun-13,5.13,5.22,5.08,5.19,299431
31-May-13,5.21,5.29,5.12,5.12,109861
30-May-13,5.30,5.34,5.22,5.28,93072
29-May-13,5.29,5.40,5.26,5.28,79944
28-May-13,5.35,5.43,5.26,5.34,188566
24-May-13,5.30,5.30,5.12,5.22,83863
23-May-13,5.23,5.39,5.20,5.33,178889
22-May-13,5.49,5.61,5.15,5.29,458295
21-May-13,5.55,5.58,5.45,5.50,163879
20-May-13,5.58,5.64,5.48,5.57,165462
17-May-13,5.53,5.66,5.53,5.59,312390
16-May-13,5.65,5.83,5.47,5.50,615679
15-May-13,5.49,5.73,5.48,5.66,362931
14-May-13,5.20,5.50,5.20,5.48,280596
13-May-13,5.20,5.26,5.15,5.20,143969
10-May-13,5.30,5.32,5.13,5.22,210565
9-May-13,5.26,5.32,5.15,5.27,111415
8-May-13,5.35,5.40,5.27,5.29,87760
7-May-13,5.38,5.44,5.30,5.36,200511
6-May-13,5.35,5.48,5.33,5.35,342902
3-May-13,5.31,5.49,5.25,5.31,284970
2-May-13,5.25,5.25,5.06,5.20,247561
1-May-13,5.12,5.28,5.05,5.22,503369
30-Apr-13,4.91,5.22,4.91,5.14,227203
29-Apr-13,4.81,4.93,4.78,4.90,138668
26-Apr-13,4.86,4.86,4.73,4.79,439484
25-Apr-13,4.74,4.89,4.64,4.87,211629
24-Apr-13,4.73,4.77,4.30,4.75,284562
23-Apr-13,4.58,4.75,4.55,4.75,122780
22-Apr-13,4.35,4.54,4.26,4.50,114556
19-Apr-13,4.49,4.52,4.34,4.35,208951
18-Apr-13,4.50,4.56,4.47,4.48,163672
17-Apr-13,4.57,4.58,4.40,4.50,354076
16-Apr-13,4.58,4.65,4.50,4.62,131620
15-Apr-13,4.72,4.75,4.45,4.51,331435
12-Apr-13,4.75,4.79,4.64,4.76,166310
11-Apr-13,4.72,4.80,4.68,4.80,195931
10-Apr-13,4.50,4.89,4.49,4.71,430788
9-Apr-13,4.69,4.72,4.51,4.51,236377
8-Apr-13,4.79,4.81,4.61,4.71,270342
5-Apr-13,4.74,4.87,4.67,4.78,200849
4-Apr-13,4.92,4.94,4.80,4.85,198117
3-Apr-13,5.27,5.29,4.92,4.94,282729
2-Apr-13,5.16,5.29,5.01,5.27,245263
1-Apr-13,5.37,5.40,5.11,5.14,179864
28-Mar-13,5.43,5.48,5.35,5.39,141158
27-Mar-13,5.42,5.42,5.33,5.39,170796
26-Mar-13,5.57,5.58,5.44,5.50,257603
25-Mar-13,5.36,5.58,5.36,5.50,207671
22-Mar-13,5.57,5.57,5.32,5.35,372931
21-Mar-13,5.51,5.60,5.00,5.52,332651
20-Mar-13,5.57,5.64,5.48,5.62,397421
19-Mar-13,5.60,5.60,5.42,5.53,310140
18-Mar-13,5.36,5.74,5.34,5.56,641462
15-Mar-13,5.03,5.45,5.00,5.44,1302638
14-Mar-13,4.92,5.05,4.88,5.05,813654
13-Mar-13,4.84,4.94,4.84,4.89,542697
12-Mar-13,4.75,4.88,4.71,4.82,678064
11-Mar-13,4.76,4.86,4.76,4.79,333267
8-Mar-13,4.59,4.83,4.53,4.81,620266
7-Mar-13,4.49,4.49,4.22,4.40,663687
6-Mar-13,4.30,4.51,4.24,4.50,600062
5-Mar-13,4.15,4.32,4.15,4.31,393619
4-Mar-13,4.04,4.13,4.02,4.11,367644
1-Mar-13,4.01,4.13,4.01,4.07,195901
28-Feb-13,4.10,4.11,4.00,4.05,136805
27-Feb-13,4.06,4.12,4.04,4.08,97502
26-Feb-13,4.11,4.13,4.03,4.05,99549
25-Feb-13,4.15,4.16,3.99,4.05,253319
22-Feb-13,4.23,4.24,4.10,4.12,91191
21-Feb-13,4.11,4.25,4.11,4.17,133422
20-Feb-13,4.43,4.43,4.24,4.24,378969
19-Feb-13,4.16,4.45,4.05,4.41,538664
15-Feb-13,4.19,4.24,4.11,4.16,348961
14-Feb-13,4.16,4.23,4.08,4.16,380774
13-Feb-13,3.89,4.25,3.89,4.20,1209879
12-Feb-13,3.80,3.88,3.74,3.87,295586
11-Feb-13,3.76,3.79,3.64,3.79,253012
8-Feb-13,3.76,3.78,3.71,3.74,197191
7-Feb-13,3.81,3.81,3.62,3.74,63816
6-Feb-13,3.76,3.87,3.76,3.80,188429
5-Feb-13,3.70,3.80,3.65,3.80,109601
4-Feb-13,3.70,3.74,3.56,3.66,206031
1-Feb-13,3.78,3.81,3.73,3.75,129844
31-Jan-13,3.69,3.78,3.52,3.76,188186
30-Jan-13,3.92,3.92,3.68,3.71,154334
29-Jan-13,3.79,3.90,3.75,3.90,197805
28-Jan-13,3.79,3.81,3.68,3.81,168728
25-Jan-13,3.75,3.88,3.65,3.77,335334
24-Jan-13,3.46,3.83,3.42,3.70,449909
23-Jan-13,3.44,3.47,3.39,3.41,281211
22-Jan-13,3.21,3.45,3.20,3.45,154014
18-Jan-13,3.29,3.30,3.12,3.13,144871
17-Jan-13,3.26,3.32,3.19,3.28,161833
16-Jan-13,3.24,3.27,3.18,3.19,61748
15-Jan-13,3.30,3.30,3.19,3.26,87422
14-Jan-13,3.20,3.40,3.15,3.35,164255
11-Jan-13,3.31,3.33,3.15,3.19,63625
10-Jan-13,3.40,3.45,3.25,3.29,44178
9-Jan-13,3.44,3.47,3.35,3.37,78544
8-Jan-13,3.38,3.48,3.36,3.41,77740
7-Jan-13,3.46,3.48,3.37,3.37,97952
4-Jan-13,3.35,3.46,3.32,3.46,128382
3-Jan-13,3.29,3.31,3.21,3.29,185605
2-Jan-13,3.30,3.35,3.26,3.31,258759
31-Dec-12,3.13,3.25,3.09,3.21,282530
28-Dec-12,3.08,3.17,3.07,3.12,148931
27-Dec-12,3.07,3.15,3.05,3.12,246420
26-Dec-12,3.10,3.12,3.05,3.06,140015
24-Dec-12,3.09,3.20,3.05,3.07,60845
21-Dec-12,3.18,3.19,3.08,3.09,350186
20-Dec-12,3.30,3.30,2.99,3.22,594615
19-Dec-12,3.35,3.38,3.25,3.29,139739
18-Dec-12,3.31,3.39,3.21,3.36,200293
17-Dec-12,3.28,3.33,3.23,3.29,176242
14-Dec-12,3.06,3.29,3.02,3.28,255238
13-Dec-12,3.14,3.15,2.94,3.09,237870
12-Dec-12,3.16,3.16,3.02,3.14,275156
11-Dec-12,2.91,3.15,2.91,3.15,242013
10-Dec-12,2.82,2.90,2.79,2.88,175045
7-Dec-12,2.91,2.92,2.76,2.80,185375
6-Dec-12,2.98,3.03,2.82,2.88,233846
5-Dec-12,3.03,3.11,2.96,3.02,1590054
4-Dec-12,3.02,3.08,2.99,3.00,214083
3-Dec-12,3.11,3.17,2.97,3.01,321984
30-Nov-12,2.80,3.07,2.80,3.07,815205
29-Nov-12,2.66,2.81,2.63,2.78,300948
28-Nov-12,2.57,2.61,2.46,2.61,1137929
27-Nov-12,2.54,2.62,2.40,2.60,276892
26-Nov-12,2.69,2.72,2.54,2.56,351224
23-Nov-12,2.53,2.75,2.50,2.74,203865
21-Nov-12,2.44,2.51,2.38,2.51,385302
20-Nov-12,2.41,2.52,2.37,2.44,175026
19-Nov-12,2.34,2.42,2.29,2.41,309547
16-Nov-12,2.38,2.38,2.27,2.29,360219
15-Nov-12,2.42,2.45,2.33,2.39,329686
14-Nov-12,2.44,2.59,2.43,2.43,427938
13-Nov-12,2.36,2.43,2.34,2.42,355763
12-Nov-12,2.33,2.39,2.27,2.38,326799
9-Nov-12,2.28,2.32,2.24,2.30,281040
8-Nov-12,2.30,2.36,2.21,2.30,305659
7-Nov-12,2.42,2.50,2.30,2.30,447996
6-Nov-12,2.41,2.46,2.36,2.45,539736
5-Nov-12,2.40,2.45,2.35,2.41,432650
2-Nov-12,2.60,2.67,2.34,2.41,5145952
1-Nov-12,2.67,2.70,2.61,2.68,1049489
31-Oct-12,2.65,2.73,2.55,2.67,137162
26-Oct-12,2.65,2.70,2.60,2.66,1371764
25-Oct-12,2.65,2.75,2.59,2.64,156085
24-Oct-12,2.81,2.87,2.58,2.59,254420
23-Oct-12,2.85,2.91,2.79,2.80,180184
22-Oct-12,2.86,2.96,2.85,2.90,200620
19-Oct-12,2.93,3.04,2.85,2.86,340748
18-Oct-12,2.99,3.05,2.97,2.97,277351
17-Oct-12,3.00,3.04,2.96,2.97,178450
16-Oct-12,3.00,3.08,2.94,2.98,505402
15-Oct-12,3.00,3.00,2.83,2.97,497782
12-Oct-12,3.17,3.21,2.95,3.00,938514
11-Oct-12,3.21,3.35,3.14,3.20,1822196
10-Oct-12,4.49,4.49,2.99,3.17,4141412
9-Oct-12,4.66,4.71,4.52,4.56,95388
8-Oct-12,4.86,4.91,4.64,4.65,130386
5-Oct-12,4.81,4.91,4.81,4.90,142563
4-Oct-12,4.83,4.83,4.72,4.77,219502
3-Oct-12,4.81,4.92,4.73,4.79,103061
2-Oct-12,4.78,4.85,4.72,4.81,174379
1-Oct-12,4.69,4.86,4.66,4.79,542926
28-Sep-12,4.69,4.72,4.62,4.66,244817
27-Sep-12,4.66,4.78,4.60,4.73,252468
26-Sep-12,4.57,4.69,4.55,4.64,155701
25-Sep-12,4.77,4.83,4.56,4.57,280177
24-Sep-12,4.66,4.85,4.66,4.74,189298
21-Sep-12,4.92,4.92,4.67,4.70,398315
20-Sep-12,4.79,4.84,4.74,4.82,326602
19-Sep-12,5.05,5.08,4.83,4.85,725388
18-Sep-12,5.21,5.26,4.98,5.04,347482
17-Sep-12,5.33,5.40,5.19,5.25,144134
14-Sep-12,5.22,5.44,5.22,5.37,264257
13-Sep-12,5.30,5.34,5.07,5.17,555521
12-Sep-12,5.35,5.45,5.26,5.31,155232
11-Sep-12,5.18,5.40,5.18,5.31,189972
10-Sep-12,5.36,5.45,5.15,5.19,172043
7-Sep-12,5.27,5.40,5.24,5.39,217350
6-Sep-12,5.06,5.25,5.02,5.25,1036604
5-Sep-12,5.12,5.12,4.87,5.02,370791
4-Sep-12,4.98,5.13,4.82,5.09,296857
31-Aug-12,5.22,5.22,4.98,5.02,376588
30-Aug-12,5.26,5.30,5.17,5.20,43961
29-Aug-12,5.28,5.32,5.20,5.31,74470
28-Aug-12,5.33,5.42,5.20,5.28,395302
27-Aug-12,5.75,5.75,5.28,5.35,358395
24-Aug-12,5.85,5.89,5.69,5.73,93792
23-Aug-12,5.99,6.01,5.87,5.91,168941
22-Aug-12,5.96,6.12,5.93,6.01,140947
21-Aug-12,6.06,6.24,5.96,6.00,165891
20-Aug-12,6.17,6.20,5.97,5.99,151203
17-Aug-12,6.01,6.22,6.01,6.22,89260
16-Aug-12,6.00,6.06,5.94,6.04,65883
15-Aug-12,6.02,6.05,5.93,5.98,141973
14-Aug-12,5.88,6.13,5.78,6.02,239851
13-Aug-12,5.74,5.82,5.64,5.81,153640
10-Aug-12,5.72,5.78,5.63,5.75,117159
9-Aug-12,5.76,5.80,5.68,5.76,99779
8-Aug-12,5.71,5.82,5.67,5.73,243500
7-Aug-12,5.45,5.81,5.41,5.75,381061
6-Aug-12,5.36,5.45,5.32,5.38,179105
3-Aug-12,5.14,5.39,5.09,5.36,239814
2-Aug-12,4.95,5.26,4.95,5.04,242244
1-Aug-12,5.23,5.29,5.00,5.00,193917
31-Jul-12,5.20,5.30,5.16,5.19,373181
30-Jul-12,5.32,5.32,5.18,5.23,370574
27-Jul-12,4.84,5.39,4.81,5.33,955241
26-Jul-12,4.75,4.80,4.71,4.79,403550
25-Jul-12,4.65,4.74,4.52,4.69,290388
24-Jul-12,4.81,4.86,4.49,4.56,267626
23-Jul-12,4.74,4.82,4.64,4.80,264275
20-Jul-12,4.99,5.06,4.82,4.86,292215
19-Jul-12,5.28,5.28,4.99,5.06,375513
18-Jul-12,5.18,5.41,5.07,5.27,440256
17-Jul-12,5.21,5.23,4.96,5.20,412008
16-Jul-12,5.43,5.43,5.15,5.18,212995
13-Jul-12,5.35,5.50,5.27,5.47,376098
12-Jul-12,5.40,5.43,5.18,5.31,394516
11-Jul-12,5.55,5.55,5.08,5.47,557695
10-Jul-12,5.92,5.96,5.50,5.56,308530
9-Jul-12,6.00,6.00,5.87,5.90,108449
6-Jul-12,6.00,6.05,5.96,6.02,110311
5-Jul-12,6.20,6.24,5.96,6.09,186661
3-Jul-12,6.13,6.23,6.09,6.20,165246
2-Jul-12,6.05,6.14,6.00,6.14,196436
29-Jun-12,5.98,6.00,5.88,6.00,184099
28-Jun-12,5.75,5.82,5.72,5.82,151229
27-Jun-12,5.72,5.90,5.67,5.82,211921
26-Jun-12,5.69,5.75,5.54,5.71,138184
25-Jun-12,5.64,5.68,5.50,5.65,243811
22-Jun-12,5.75,5.81,5.58,5.79,1400195
21-Jun-12,6.04,6.04,5.65,5.71,237501
20-Jun-12,6.07,6.09,5.98,6.03,227617
19-Jun-12,6.00,6.15,5.94,6.06,502467
18-Jun-12,6.04,6.04,5.87,5.95,175863
15-Jun-12,5.94,6.14,5.92,6.09,261840
14-Jun-12,5.75,5.97,5.73,5.92,176747
13-Jun-12,5.98,5.99,5.71,5.76,298918
12-Jun-12,5.90,6.01,5.79,5.98,172726
11-Jun-12,6.18,6.18,5.87,5.88,270061
8-Jun-12,6.08,6.20,6.02,6.10,168315
7-Jun-12,6.23,6.25,5.98,6.11,196882
6-Jun-12,5.79,6.11,5.72,6.10,225211
5-Jun-12,5.51,5.74,5.51,5.74,120099
4-Jun-12,5.73,5.73,5.51,5.56,194723
1-Jun-12,5.80,5.83,5.64,5.67,257234
31-May-12,5.92,6.00,5.74,5.92,333303
30-May-12,6.02,6.06,5.87,5.92,190680
29-May-12,6.00,6.13,5.92,6.12,206382
25-May-12,5.90,6.01,5.85,5.92,98993
24-May-12,5.86,6.01,5.79,5.87,185985
23-May-12,5.80,5.88,5.73,5.83,193563
22-May-12,5.76,6.00,5.74,5.89,228074
21-May-12,5.64,5.80,5.62,5.76,236671
18-May-12,5.57,5.66,5.44,5.65,393460
17-May-12,5.68,5.74,5.39,5.59,541781
16-May-12,5.92,5.99,5.67,5.67,223072
15-May-12,5.99,6.07,5.81,5.90,427480
14-May-12,5.93,5.99,5.76,5.78,231261
11-May-12,6.03,6.16,6.00,6.03,256131
10-May-12,6.46,6.53,6.13,6.15,250746
9-May-12,6.29,6.45,6.22,6.37,177506
8-May-12,6.50,6.52,6.34,6.40,376700
7-May-12,6.50,6.68,6.49,6.50,176699
4-May-12,6.65,6.69,6.50,6.50,221956
3-May-12,7.10,7.20,6.64,6.72,291395
2-May-12,7.05,7.24,7.00,7.14,285539
1-May-12,7.22,7.40,7.12,7.12,277061
30-Apr-12,7.27,7.35,7.22,7.25,291348
27-Apr-12,7.21,7.36,7.15,7.28,363738
26-Apr-12,7.15,7.25,7.04,7.14,343847
25-Apr-12,7.21,7.30,7.07,7.19,595233
24-Apr-12,6.83,7.23,6.68,7.14,933850
23-Apr-12,7.31,7.36,7.12,7.13,292596
20-Apr-12,7.58,7.69,7.45,7.50,210800
19-Apr-12,7.79,7.84,7.43,7.48,197402
18-Apr-12,7.84,7.89,7.76,7.80,197716
17-Apr-12,8.24,8.31,7.94,7.96,290090
16-Apr-12,8.06,8.28,8.06,8.13,424900
13-Apr-12,8.26,8.27,7.97,7.97,175318
12-Apr-12,8.00,8.37,8.00,8.32,209804
11-Apr-12,7.88,8.00,7.83,7.99,233700
10-Apr-12,8.05,8.07,7.64,7.82,232382
9-Apr-12,8.11,8.11,7.98,8.07,216678
5-Apr-12,8.33,8.51,8.27,8.29,97772
4-Apr-12,8.55,8.58,8.27,8.35,347594
3-Apr-12,8.76,9.03,8.60,8.63,270188
2-Apr-12,8.69,8.85,8.60,8.76,285749
30-Mar-12,8.83,8.83,8.51,8.69,176083
29-Mar-12,8.68,8.83,8.60,8.74,536918
28-Mar-12,8.82,8.90,8.69,8.74,246189
27-Mar-12,9.00,9.09,8.63,8.80,432566
26-Mar-12,8.79,9.14,8.77,8.97,367642
23-Mar-12,8.51,8.66,8.29,8.65,239067
22-Mar-12,8.67,8.78,8.49,8.51,278462
21-Mar-12,8.60,8.79,8.56,8.75,188477
20-Mar-12,8.61,8.64,8.46,8.60,222068
19-Mar-12,8.51,8.82,8.41,8.67,293102
16-Mar-12,8.28,8.60,8.16,8.49,500017
15-Mar-12,8.01,8.25,7.94,8.25,227281
14-Mar-12,7.93,8.04,7.89,7.99,173079
13-Mar-12,7.86,8.00,7.76,7.94,232674
12-Mar-12,7.79,7.89,7.65,7.77,190994
9-Mar-12,7.70,7.94,7.56,7.80,214425
8-Mar-12,7.73,7.79,7.47,7.71,205371
7-Mar-12,7.53,7.74,7.41,7.69,240809
6-Mar-12,7.92,8.02,7.35,7.52,694271
5-Mar-12,7.77,8.05,7.68,8.00,459862
2-Mar-12,7.78,8.08,7.73,7.79,734883
1-Mar-12,7.95,8.28,7.45,8.03,1188307
29-Feb-12,8.22,8.22,7.95,7.95,321951
28-Feb-12,8.27,8.50,8.14,8.20,269866
27-Feb-12,8.37,8.37,8.20,8.24,293890
24-Feb-12,8.70,8.85,8.40,8.44,201097
23-Feb-12,8.53,8.77,8.35,8.73,195757
22-Feb-12,8.67,8.83,8.53,8.54,226803
21-Feb-12,9.10,9.10,8.66,8.69,305786
17-Feb-12,8.84,9.14,8.78,9.07,355056
16-Feb-12,8.39,8.81,8.34,8.80,399794
15-Feb-12,8.34,8.43,8.24,8.36,513062
14-Feb-12,8.56,8.72,8.11,8.29,404257
13-Feb-12,8.41,8.64,8.30,8.61,448437
10-Feb-12,8.48,8.56,8.28,8.28,317620
9-Feb-12,8.58,8.81,8.32,8.60,435317
8-Feb-12,8.08,8.53,8.08,8.52,444005
7-Feb-12,7.91,8.17,7.90,8.09,418830
6-Feb-12,7.76,8.02,7.71,7.93,379416
3-Feb-12,7.92,7.95,7.80,7.82,269514
2-Feb-12,7.83,7.92,7.70,7.74,266936
1-Feb-12,7.61,8.01,7.55,7.78,860983
31-Jan-12,7.42,7.58,7.35,7.49,336695
30-Jan-12,7.44,7.46,7.33,7.34,95989
27-Jan-12,7.39,7.59,7.37,7.52,294817
26-Jan-12,7.52,7.57,7.34,7.46,330681
25-Jan-12,7.44,7.55,7.34,7.51,245387
24-Jan-12,7.19,7.45,7.13,7.44,218670
23-Jan-12,7.04,7.25,7.01,7.25,172038
20-Jan-12,7.05,7.13,6.97,7.07,213518
19-Jan-12,7.13,7.15,7.00,7.05,338475
18-Jan-12,7.00,7.17,6.90,7.12,183113
17-Jan-12,7.05,7.34,7.00,7.00,299392
13-Jan-12,7.25,7.26,6.99,7.00,842461
12-Jan-12,7.44,7.44,7.12,7.39,500817
11-Jan-12,7.32,7.48,7.32,7.41,380096
10-Jan-12,7.50,7.55,7.33,7.36,369847
9-Jan-12,7.48,7.50,7.32,7.40,304472
6-Jan-12,7.31,7.62,7.31,7.42,365668
5-Jan-12,7.31,7.47,7.22,7.35,335658
4-Jan-12,7.37,7.49,7.30,7.40,333606
3-Jan-12,7.31,7.63,7.31,7.39,718845
30-Dec-11,6.83,7.21,6.83,7.12,260714
29-Dec-11,6.80,6.97,6.80,6.83,218712
28-Dec-11,6.86,6.90,6.75,6.76,296506
27-Dec-11,6.76,6.89,6.69,6.86,206615
23-Dec-11,6.72,6.82,6.56,6.77,188914
22-Dec-11,6.49,6.77,6.40,6.69,450662
21-Dec-11,6.33,6.50,6.24,6.44,322195
20-Dec-11,6.15,6.38,6.11,6.36,331091
19-Dec-11,6.33,6.43,6.00,6.00,364042
16-Dec-11,6.15,6.35,6.11,6.27,398677
15-Dec-11,6.14,6.20,6.00,6.11,307212
14-Dec-11,6.17,6.17,5.84,6.04,725731
13-Dec-11,6.42,6.52,6.20,6.23,560162
12-Dec-11,6.35,6.38,6.20,6.36,429737
9-Dec-11,6.31,6.50,6.30,6.44,229064
8-Dec-11,6.35,6.46,6.26,6.28,348471
7-Dec-11,6.26,6.48,6.13,6.42,249701
6-Dec-11,6.27,6.39,6.20,6.31,213146
5-Dec-11,6.16,6.39,6.10,6.28,489394
2-Dec-11,6.04,6.16,6.01,6.05,409511
1-Dec-11,6.07,6.07,5.95,5.98,375211
30-Nov-11,6.05,6.14,5.92,6.11,1145186
29-Nov-11,5.92,5.95,5.68,5.75,378265
28-Nov-11,5.88,6.06,5.64,5.90,970832
25-Nov-11,5.79,5.79,5.55,5.59,189502
23-Nov-11,5.95,5.95,5.63,5.84,411602
22-Nov-11,5.98,6.07,5.74,6.02,537388
21-Nov-11,6.19,6.19,5.80,6.05,559537
18-Nov-11,6.25,6.44,6.18,6.32,319564
17-Nov-11,6.32,6.42,6.17,6.22,451774
16-Nov-11,6.59,6.59,6.30,6.34,536937
15-Nov-11,6.58,6.69,6.33,6.65,325859
14-Nov-11,6.86,6.86,6.49,6.62,397548
11-Nov-11,6.55,6.92,6.52,6.89,446375
10-Nov-11,6.58,6.68,6.36,6.46,787217
9-Nov-11,6.96,6.96,6.56,6.58,798876
8-Nov-11,6.70,7.25,6.66,7.15,881454
7-Nov-11,6.48,6.76,6.32,6.66,368870
4-Nov-11,6.65,6.72,6.40,6.58,422072
3-Nov-11,6.69,6.93,6.45,6.74,625769
2-Nov-11,6.34,6.77,6.25,6.65,558310
1-Nov-11,5.95,6.44,5.88,6.22,631234
31-Oct-11,6.65,6.67,6.31,6.32,412832
28-Oct-11,6.02,6.91,5.99,6.74,1249539
27-Oct-11,5.72,6.09,5.72,5.84,1142781
26-Oct-11,5.77,5.84,5.45,5.53,728268
25-Oct-11,5.71,5.99,5.60,5.66,242385
24-Oct-11,5.66,5.83,5.61,5.75,413338
21-Oct-11,5.61,5.81,5.54,5.63,330708
20-Oct-11,5.41,5.54,5.20,5.53,464037
19-Oct-11,5.56,5.61,5.33,5.39,417748
18-Oct-11,5.44,5.64,5.35,5.57,431340
17-Oct-11,5.48,5.57,5.34,5.44,311410
14-Oct-11,5.64,5.64,5.40,5.53,324810
13-Oct-11,5.75,5.79,5.46,5.54,427644
12-Oct-11,5.80,5.89,5.65,5.82,630125
11-Oct-11,5.77,5.99,5.64,5.89,588228
10-Oct-11,5.27,5.89,5.19,5.82,690470
7-Oct-11,5.50,5.58,5.00,5.15,665088
6-Oct-11,5.14,5.48,4.93,5.44,395513
5-Oct-11,5.19,5.25,4.84,5.15,518959
4-Oct-11,4.51,5.16,4.35,5.15,707729
3-Oct-11,5.07,5.14,4.53,4.53,794970
30-Sep-11,5.19,5.23,5.01,5.12,943882
29-Sep-11,5.87,5.87,5.21,5.40,1084244
28-Sep-11,5.71,5.94,5.21,5.79,1590756
27-Sep-11,6.98,7.25,5.51,5.69,5961658
26-Sep-11,7.95,8.13,7.69,8.13,302153
23-Sep-11,7.79,8.02,7.72,7.87,305801
22-Sep-11,7.76,8.10,7.60,7.81,583580
21-Sep-11,9.01,9.16,8.27,8.28,606335
20-Sep-11,9.10,9.26,9.04,9.06,456619
19-Sep-11,8.82,9.14,8.67,9.06,296487
16-Sep-11,9.12,9.36,8.98,9.11,717443
15-Sep-11,8.60,9.15,8.44,9.04,645323
14-Sep-11,8.09,8.68,7.94,8.51,516820
13-Sep-11,7.52,8.05,7.49,8.04,626541
12-Sep-11,7.40,7.55,7.17,7.49,632178
9-Sep-11,8.00,8.18,7.51,7.53,617520
8-Sep-11,8.43,8.43,8.00,8.10,527060
7-Sep-11,7.89,8.48,7.84,8.43,505849
6-Sep-11,7.46,7.81,7.39,7.79,580808
2-Sep-11,8.00,8.06,7.72,7.78,561320
1-Sep-11,8.69,8.69,8.07,8.21,672301
31-Aug-11,8.35,8.79,8.07,8.43,538291
30-Aug-11,8.03,8.41,7.88,8.30,437734
29-Aug-11,7.56,8.19,7.56,8.16,503123
26-Aug-11,7.30,7.65,7.10,7.55,652419
25-Aug-11,7.36,7.49,7.12,7.16,710447
24-Aug-11,6.96,7.36,6.87,7.32,490444
23-Aug-11,7.03,7.08,6.80,7.01,484807
22-Aug-11,7.15,7.19,6.80,7.03,416723
19-Aug-11,7.44,7.59,6.86,6.90,739839
18-Aug-11,8.50,8.50,7.53,7.64,510375
17-Aug-11,8.43,8.80,8.26,8.64,577728
16-Aug-11,8.47,8.54,8.30,8.42,444241
15-Aug-11,8.44,8.56,8.36,8.50,458020
12-Aug-11,8.57,8.57,7.95,8.39,660505
11-Aug-11,7.41,7.98,7.41,7.86,738591
10-Aug-11,7.70,7.74,7.29,7.32,669073
9-Aug-11,7.22,8.10,7.08,7.79,1188971
8-Aug-11,9.09,9.10,7.00,7.08,1872414
5-Aug-11,9.86,10.03,9.12,9.36,735402
4-Aug-11,10.55,10.64,9.73,9.78,491783
3-Aug-11,10.83,10.99,10.46,10.70,685518
2-Aug-11,11.40,11.55,10.65,10.68,631579
1-Aug-11,11.60,11.64,11.13,11.42,323860
29-Jul-11,11.61,11.79,11.35,11.45,696028
28-Jul-11,11.56,11.99,11.54,11.71,1462784
27-Jul-11,11.95,11.95,11.25,11.35,1233678
26-Jul-11,12.60,12.60,11.90,11.98,707766
25-Jul-11,12.93,13.05,12.55,12.67,574291
22-Jul-11,12.87,13.06,12.65,13.01,316157
21-Jul-11,12.83,12.86,12.30,12.80,355795
20-Jul-11,12.58,12.86,12.53,12.81,194430
19-Jul-11,12.41,12.58,12.16,12.58,299092
18-Jul-11,12.75,12.75,12.26,12.35,202493
15-Jul-11,12.79,12.95,12.70,12.81,177571
14-Jul-11,12.91,12.98,12.68,12.71,254441
13-Jul-11,12.81,13.12,12.73,12.91,780596
12-Jul-11,12.68,12.91,12.56,12.74,175515
11-Jul-11,12.98,13.05,12.65,12.73,240799
8-Jul-11,12.85,13.13,12.77,13.10,290712
7-Jul-11,12.91,13.04,12.91,12.98,636368
6-Jul-11,12.76,12.88,12.71,12.80,456683
5-Jul-11,12.99,13.00,12.68,12.81,267596
1-Jul-11,12.62,13.00,12.51,12.99,473577
30-Jun-11,12.55,12.67,12.43,12.63,587270
29-Jun-11,12.56,12.65,12.41,12.50,700445
28-Jun-11,12.47,12.61,12.34,12.51,622288
27-Jun-11,11.95,12.44,11.81,12.36,889884
24-Jun-11,12.21,12.25,11.85,11.91,5504605
23-Jun-11,12.36,12.38,12.00,12.20,554540
22-Jun-11,12.72,12.72,12.29,12.42,598620
21-Jun-11,12.24,12.84,12.15,12.75,1020744
20-Jun-11,12.22,12.31,12.10,12.19,569055
17-Jun-11,12.46,12.65,12.22,12.30,275979
16-Jun-11,12.66,12.91,12.07,12.44,361463
15-Jun-11,12.81,12.96,12.50,12.67,240140
14-Jun-11,12.93,13.05,12.78,12.85,230083
13-Jun-11,12.83,12.93,12.67,12.88,453625
10-Jun-11,12.79,12.84,12.62,12.75,352702
9-Jun-11,12.64,12.80,12.61,12.79,487027
8-Jun-11,12.86,12.93,12.59,12.65,512714
7-Jun-11,13.08,13.20,12.88,12.89,320322
6-Jun-11,13.17,13.37,12.90,13.03,514176
3-Jun-11,13.06,13.40,12.99,13.10,432501
2-Jun-11,13.28,13.39,13.10,13.14,606001
1-Jun-11,13.11,13.32,13.00,13.20,1249319
31-May-11,13.64,13.68,13.07,13.10,1858572
27-May-11,13.20,13.54,13.16,13.52,310397
26-May-11,13.16,13.21,13.11,13.14,529732
25-May-11,13.13,13.26,13.11,13.17,287070
24-May-11,13.10,13.19,13.00,13.17,408116
23-May-11,12.91,13.12,12.87,13.10,245493
20-May-11,13.02,13.18,12.99,13.10,253747
19-May-11,13.10,13.12,12.99,13.07,265268
18-May-11,12.87,13.11,12.84,13.11,240824
17-May-11,13.07,13.46,12.69,12.87,379382
16-May-11,13.23,13.29,13.09,13.10,98682
13-May-11,13.27,13.29,13.22,13.25,103432
12-May-11,13.30,13.39,13.20,13.25,157488
11-May-11,13.49,13.63,13.28,13.38,165210
10-May-11,13.64,13.70,13.49,13.51,242724
9-May-11,13.51,13.65,13.45,13.58,98226
6-May-11,13.68,13.75,13.48,13.55,48209
5-May-11,13.56,13.63,13.50,13.58,125545
4-May-11,13.69,13.75,13.39,13.62,316714
3-May-11,13.67,13.79,13.52,13.59,222851
2-May-11,13.90,13.90,13.69,13.72,209628
29-Apr-11,13.84,13.95,13.78,13.85,162596
28-Apr-11,13.91,13.92,13.56,13.88,109536
27-Apr-11,14.34,14.34,13.82,13.97,340164
26-Apr-11,13.99,14.40,13.76,14.14,450740
25-Apr-11,13.57,14.02,13.57,13.97,256800
21-Apr-11,13.42,13.67,13.36,13.60,123668
20-Apr-11,13.21,13.44,13.21,13.36,235648
19-Apr-11,13.09,13.29,12.98,13.10,89285
18-Apr-11,13.16,13.28,12.98,13.08,73988
15-Apr-11,13.25,13.37,13.20,13.34,41116
14-Apr-11,13.03,13.38,13.01,13.27,117182
13-Apr-11,13.45,13.45,13.04,13.13,132979
12-Apr-11,13.36,13.45,13.00,13.42,305519
11-Apr-11,13.60,13.60,13.31,13.46,152635
8-Apr-11,13.97,13.98,13.51,13.64,117687
7-Apr-11,14.03,14.03,13.91,13.97,248124
6-Apr-11,14.01,14.11,13.94,14.00,289960
5-Apr-11,13.68,14.01,13.55,14.00,310649
4-Apr-11,13.76,13.81,13.60,13.67,250386
1-Apr-11,13.91,14.00,13.71,13.77,318234
31-Mar-11,14.12,14.21,13.84,13.89,344225
30-Mar-11,14.14,14.20,14.08,14.15,86857
29-Mar-11,14.07,14.23,14.07,14.13,92176
28-Mar-11,14.15,14.24,14.10,14.10,162919
25-Mar-11,14.23,14.29,14.07,14.12,302160
24-Mar-11,13.92,14.17,13.84,14.13,471291
23-Mar-11,13.89,13.96,13.75,13.92,158804
22-Mar-11,13.98,14.03,13.71,13.94,377124
21-Mar-11,13.70,14.00,13.57,14.00,272886
18-Mar-11,13.18,13.65,13.08,13.64,470350
17-Mar-11,13.29,13.29,12.86,13.11,132351
16-Mar-11,13.06,13.16,12.91,13.11,258255
15-Mar-11,13.00,13.19,12.74,13.06,380217
14-Mar-11,13.45,13.57,13.20,13.35,210649
11-Mar-11,13.70,13.70,13.40,13.50,679391
10-Mar-11,13.88,13.94,13.70,13.75,131775
9-Mar-11,14.01,14.20,13.92,13.98,160278
8-Mar-11,13.92,14.10,13.90,14.01,145498
7-Mar-11,14.12,14.12,13.88,13.92,271981
4-Mar-11,14.23,14.23,13.83,14.02,353727
3-Mar-11,14.05,14.22,13.71,14.10,283795
2-Mar-11,13.82,14.02,13.71,13.99,217890
1-Mar-11,13.95,14.05,13.76,13.85,323111
28-Feb-11,14.38,14.51,13.95,13.99,443323
25-Feb-11,14.39,14.66,13.40,14.55,1092554
24-Feb-11,14.43,14.62,14.25,14.49,445705
23-Feb-11,14.81,14.81,14.18,14.45,832449
22-Feb-11,14.99,15.21,14.77,14.88,276805
18-Feb-11,15.43,15.43,14.97,15.32,132152
17-Feb-11,15.46,15.50,15.01,15.22,216659
16-Feb-11,15.26,15.52,15.20,15.44,171576
15-Feb-11,15.16,15.45,15.15,15.26,106235
14-Feb-11,15.20,15.55,15.10,15.24,289479
11-Feb-11,15.49,15.49,15.17,15.19,104791
10-Feb-11,15.63,15.71,15.44,15.50,319420
9-Feb-11,15.51,15.78,15.45,15.72,195816
8-Feb-11,15.65,15.80,15.42,15.65,341833
7-Feb-11,15.06,16.00,15.06,15.77,330332
4-Feb-11,14.91,15.20,14.75,15.14,265788
3-Feb-11,14.79,14.86,14.45,14.83,229003
2-Feb-11,14.93,15.05,14.61,14.72,219637
1-Feb-11,15.01,15.34,14.50,14.97,836729
31-Jan-11,14.35,15.00,14.35,14.96,725389
28-Jan-11,15.00,15.13,14.67,14.89,294661
27-Jan-11,15.15,15.20,14.75,14.99,268418
26-Jan-11,14.79,15.24,14.48,15.09,600725
25-Jan-11,14.16,15.02,13.91,14.71,761277
24-Jan-11,14.48,14.52,14.10,14.14,207903
21-Jan-11,14.67,14.99,14.28,14.40,815823
20-Jan-11,15.00,15.05,14.41,14.59,544674
19-Jan-11,15.30,15.35,15.07,15.08,349559
18-Jan-11,15.10,15.45,15.10,15.23,382211
14-Jan-11,15.18,15.44,15.00,15.20,243884
13-Jan-11,15.82,15.82,15.10,15.18,494990
12-Jan-11,15.84,15.84,15.50,15.50,720479
11-Jan-11,16.07,16.10,15.53,15.60,1384489
10-Jan-11,16.10,16.34,15.88,16.07,2565215
7-Jan-11,15.72,15.73,15.50,15.51,205873
6-Jan-11,15.74,15.75,15.52,15.65,59109
5-Jan-11,15.46,15.75,15.46,15.67,241460
4-Jan-11,15.81,15.84,15.54,15.61,25477
3-Jan-11,16.18,16.18,15.77,15.83,194553
31-Dec-10,15.84,16.05,15.48,15.88,116592
30-Dec-10,15.78,15.99,15.74,15.87,69722
29-Dec-10,15.85,15.91,15.80,15.80,40178
28-Dec-10,15.80,15.95,15.76,15.85,188650
27-Dec-10,15.55,15.85,15.55,15.78,65229
23-Dec-10,15.40,15.85,15.30,15.51,631563
22-Dec-10,15.35,0.00,15.08,15.40,536068
11-Nov-08,0.37,0.44,0.17,0.17,2979320
10-Nov-08,0.52,0.56,0.36,0.37,920724
7-Nov-08,0.44,0.75,0.44,0.53,424205
6-Nov-08,0.42,0.48,0.39,0.44,648511
5-Nov-08,0.40,0.40,0.35,0.39,558994
4-Nov-08,0.43,0.43,0.35,0.37,329384
3-Nov-08,0.39,0.40,0.27,0.35,516877
31-Oct-08,0.25,0.35,0.24,0.32,956886
30-Oct-08,0.33,0.33,0.25,0.26,631185
29-Oct-08,0.40,0.40,0.29,0.29,679979
28-Oct-08,0.28,0.30,0.25,0.26,273196
27-Oct-08,0.41,0.41,0.28,0.28,426714
24-Oct-08,0.44,0.44,0.30,0.32,304893
23-Oct-08,0.41,0.41,0.32,0.32,233815
22-Oct-08,0.44,0.47,0.35,0.40,214780
21-Oct-08,0.42,0.47,0.36,0.47,1150606
20-Oct-08,0.45,0.45,0.31,0.41,1157221
17-Oct-08,0.46,0.61,0.20,0.25,1381219
16-Oct-08,0.55,0.65,0.50,0.53,329465
15-Oct-08,0.56,0.66,0.54,0.55,187636
14-Oct-08,0.88,0.88,0.59,0.60,300401
13-Oct-08,0.95,0.95,0.66,0.66,215347
10-Oct-08,0.75,0.79,0.50,0.64,290850
9-Oct-08,0.60,0.88,0.60,0.65,495534
8-Oct-08,0.99,0.99,0.68,0.69,165842
7-Oct-08,1.02,1.14,0.71,0.76,310057
6-Oct-08,1.04,1.04,0.93,1.02,129001
3-Oct-08,1.23,1.26,0.91,0.96,474816
2-Oct-08,1.41,1.45,1.19,1.20,219696
1-Oct-08,1.62,1.66,1.39,1.40,279072
30-Sep-08,1.56,1.76,1.50,1.60,322707
29-Sep-08,1.64,1.65,1.50,1.52,345625
26-Sep-08,1.60,1.66,1.52,1.64,209122
25-Sep-08,1.50,1.60,1.50,1.56,194505
24-Sep-08,1.52,1.70,1.42,1.51,311434
23-Sep-08,1.80,1.80,1.42,1.52,377143
22-Sep-08,1.65,1.70,1.27,1.66,293464
19-Sep-08,1.60,1.61,0.91,1.36,638290
18-Sep-08,0.90,1.09,0.55,0.73,619646
17-Sep-08,1.21,1.47,0.95,0.95,187482
16-Sep-08,1.06,1.37,0.95,1.10,290485
15-Sep-08,1.49,1.49,0.82,1.04,558262
12-Sep-08,1.32,1.44,1.29,1.39,177434
11-Sep-08,1.34,1.34,1.29,1.32,202685
10-Sep-08,1.39,1.41,1.27,1.36,414355
9-Sep-08,1.39,1.43,1.30,1.30,303044
8-Sep-08,1.47,1.51,1.32,1.38,277346
5-Sep-08,1.47,1.50,1.36,1.38,308022
4-Sep-08,1.51,1.56,1.42,1.42,365752
3-Sep-08,1.57,1.57,1.49,1.49,176672
2-Sep-08,1.53,1.57,1.50,1.55,651423
29-Aug-08,1.60,1.65,1.46,1.46,176225
28-Aug-08,1.69,1.70,1.55,1.61,359346
27-Aug-08,1.72,1.77,1.65,1.66,212906
26-Aug-08,1.80,1.80,1.76,1.77,123733
25-Aug-08,1.86,1.87,1.77,1.77,81552
22-Aug-08,1.85,1.86,1.83,1.85,142911
